{"cameraMode":{"drawMode":0,"name":"Shaded","section":"Shading Mode"},"sceneLighting":false,"audioPlay":false,"sceneViewState":{"m_AlwaysRefresh":false,"showFog":true,"showSkybox":false,"showFlares":true,"showImageEffects":true,"showParticleSystems":true,"showVisualEffectGraphs":true,"m_FxEnabled":true},"in2DMode":false,"pivot":{"x":-155.5814971923828,"y":41.895050048828128,"z":2.569272041320801},"rotation":{"x":0.07396092265844345,"y":-0.8327847719192505,"z":0.11535315215587616,"w":0.5370149612426758},"size":0.18549861013889314,"orthographic":false}